{"cameraMode":{"drawMode":0,"name":"Shaded","section":"Shading Mode"},"sceneLighting":true,"audioPlay":false,"sceneViewState":{"showFog":true,"showMaterialUpdate":false,"showSkybox":true,"showFlares":true,"showImageEffects":true,"showParticleSystems":true},"in2DMode":false,"pivot":{"x":0.58056640625,"y":-0.633544921875,"z":-4.626953125},"rotation":{"x":0.1981789916753769,"y":0.0023494164925068619,"z":-0.00047505099792033434,"w":0.9801629781723023},"size":3.02386474609375,"orthographic":true}