{"cameraMode":{"drawMode":0,"name":"Shaded","section":"Shading Mode"},"sceneLighting":false,"audioPlay":false,"sceneViewState":{"showFog":true,"showMaterialUpdate":false,"showSkybox":true,"showFlares":true,"showImageEffects":true,"showParticleSystems":true},"in2DMode":false,"pivot":{"x":6.239260673522949,"y":0.9310191869735718,"z":-0.834892988204956},"rotation":{"x":0.4411831796169281,"y":0.5588088035583496,"z":-0.49458006024360659,"w":0.4984784424304962},"size":4.761248588562012,"orthographic":true}